Epoch,LR,Loss,Accuracy,NC1,NC2,NC3,NC4
1,0.05,0.45027285115242005,83.468,0.459993314743042,0.4586631655693054,0.9027638663966719,0.1281999945640564
2,0.05,0.2453581640291214,90.954,0.33509602546691897,0.4147663414478302,0.927832269056367,0.051920000463724136
3,0.05,0.1941509670972824,92.96,0.29999508857727053,0.4343438446521759,0.7583979362983797,0.052880000323057175
4,0.05,0.16784075157165526,93.84,0.2896620750427246,0.37333738803863525,0.6385594472472214,0.06063999980688095
5,0.05,0.1394304714012146,94.876,0.318064284324646,0.3652455806732178,0.5454932677126045,0.05034000054001808
6,0.05,0.12315659750938415,95.496,0.26467070579528806,0.2950817346572876,0.4325935200450317,0.0357000008225441
7,0.05,0.11067097356557846,95.938,0.2383716106414795,0.2373574823141098,0.35103756962831767,0.0378200002014637
8,0.05,0.09476043824911118,96.59,0.2575832366943359,0.2717013657093048,0.3344439876049279,0.03214000165462494
9,0.05,0.09116235219478608,96.644,0.21739497184753417,0.28273889422416687,0.32709852873792045,0.0318400003015995
10,0.05,0.08245225468158722,97.074,0.20503597259521483,0.20841388404369354,0.25832102938764834,0.014019999653100967
11,0.05,0.07097619858503341,97.404,0.20383088588714598,0.2108636200428009,0.2470931466977513,0.01711999997496605
12,0.05,0.07012329378128052,97.468,0.20916762351989746,0.1981864720582962,0.20697020580985637,0.012880000285804272
13,0.05,0.06432055765867234,97.766,0.18220030069351195,0.20736095309257507,0.20707410224923084,0.016739999875426292
14,0.05,0.06293070356845856,97.842,0.1601995825767517,0.18183377385139465,0.16924217885667758,0.01730000041425228
15,0.05,0.06357094912648201,97.75,0.16937928199768065,0.17642898857593536,0.16614282592366525,0.009440000168979168
16,0.05,0.05989293254137039,97.97,0.17261959314346315,0.19432227313518524,0.16437913083930855,0.012799999676644802
17,0.05,0.06054855896949768,97.904,0.16397312879562378,0.17998911440372467,0.14880446173436557,0.015699999406933784
18,0.05,0.0629716703414917,97.862,0.14399151802062987,0.16742980480194092,0.13819276465522368,0.010060000233352184
19,0.05,0.059214253960847854,97.894,0.14817445278167723,0.17372281849384308,0.12302253059920076,0.007840000092983246
20,0.05,0.054665994374752044,98.106,0.13818933963775634,0.17674852907657623,0.1204811958172094,0.01095999963581562
21,0.05,0.06270283134579659,97.85,0.15920939445495605,0.18738023936748505,0.11982046959105119,0.01696000061929226
22,0.05,0.05712843907773495,98.074,0.1354012131690979,0.16875749826431274,0.12035587370352463,0.007819999940693378
23,0.05,0.049164178718328476,98.314,0.12375475168228149,0.1669762283563614,0.09857856417880839,0.007259999867528677
24,0.05,0.06284334224820137,97.848,0.12440789937973022,0.17392343282699585,0.09721952067420236,0.01116000022739172
25,0.05,0.05301975165963173,98.198,0.13793976306915284,0.18453070521354675,0.09147279439645217,0.014000000432133675
26,0.05,0.052903906660079957,98.214,0.12027199268341064,0.1653776466846466,0.07590011836868271,0.008559999987483025
27,0.05,0.04975576888203621,98.36,0.12821954488754272,0.1865392029285431,0.08733174022538837,0.010940000414848328
28,0.05,0.05931554294586182,97.944,0.12015976905822753,0.16826555132865906,0.07556926681628795,0.005439999978989363
29,0.05,0.046456873574256895,98.404,0.11819286346435547,0.16340428590774536,0.07915892187606577,0.01140000019222498
30,0.05,0.05210861258029938,98.178,0.11044574975967407,0.15780287981033325,0.07841881063745859,0.007120000198483467
31,0.05,0.050203426115512845,98.364,0.11387908458709717,0.1760406345129013,0.08095485271245284,0.0066999997943639755
32,0.05,0.04699070777416229,98.398,0.12273283004760742,0.17217884957790375,0.07105389368922488,0.0052200001664459705
33,0.05,0.05156672184944153,98.272,0.127156400680542,0.17038494348526,0.07526072070220735,0.006819999776780605
34,0.05,0.046952605767250064,98.444,0.11672728061676026,0.1679898351430893,0.07010174897274979,0.008980000391602516
35,0.05,0.04511362315043807,98.54,0.10597124099731445,0.16647139191627502,0.07250001096969072,0.009200000204145908
36,0.05,0.048917642201185225,98.274,0.1624882459640503,0.167906254529953,0.07814564540366575,0.024879999458789825
37,0.05,0.05040290860772133,98.344,0.10019303560256958,0.16670630872249603,0.06046623356771996,0.0034000000450760126
38,0.05,0.04352066993057728,98.512,0.09681156873703003,0.16410544514656067,0.05881251949985988,0.011599999852478504
39,0.05,0.045729320611953735,98.422,0.11552448272705078,0.15537576377391815,0.07117814583443849,0.017260000109672546
40,0.05,0.04256391788482666,98.604,0.10118544101715088,0.15402333438396454,0.06224053515824779,0.004019999876618385
41,0.05,0.04718281315565109,98.392,0.13418924808502197,0.1747167557477951,0.063091478789147,0.011420000344514847
42,0.05,0.04864759483456611,98.35,0.09339761734008789,0.15475769340991974,0.04968013346442124,0.004739999771118164
43,0.05,0.04284150804758072,98.582,0.10837182998657227,0.16906115412712097,0.05713416719992126,0.006320000160485506
44,0.05,0.04390315075516701,98.58,0.10076141357421875,0.1629519760608673,0.07259304500060981,0.022260000929236412
45,0.05,0.04449541110992432,98.566,0.10546914339065552,0.15871314704418182,0.05176541998767292,0.008500000461935997
46,0.05,0.04522166581392288,98.532,0.0873495101928711,0.15315771102905273,0.051797680464233053,0.003759999992325902
47,0.05,0.0411206447827816,98.664,0.09322870373725892,0.15898452699184418,0.040874751236295914,0.004879999905824661
48,0.05,0.04253581112205982,98.57,0.09570759534835815,0.16750240325927734,0.044160080401703716,0.00419999985024333
49,0.05,0.045649167183637616,98.54,0.1092454195022583,0.18063297867774963,0.051884753164813446,0.011380000039935112
50,0.05,0.044695210347771644,98.502,0.10088708400726318,0.17167827486991882,0.056049189807892086,0.007180000189691782
51,0.05,0.04635401902556419,98.428,0.08695087432861329,0.1559934765100479,0.03640124393979338,0.002319999970495701
52,0.05,0.039715345113277435,98.662,0.09439928531646728,0.16573308408260345,0.052340411768682316,0.003800000064074993
53,0.05,0.04540317135334015,98.522,0.09372808933258056,0.1645442545413971,0.0432826748358508,0.0033199999015778303
54,0.05,0.04014578572511673,98.688,0.08095523118972778,0.16469557583332062,0.050310635757799815,0.0034799999557435513
55,0.05,0.04170721649646759,98.554,0.10583109855651855,0.16795673966407776,0.050844283567812676,0.014639999717473984
56,0.05,0.04601181646466255,98.476,0.09941554069519043,0.15674611926078796,0.04313022188420579,0.004579999949783087
57,0.05,0.0428238492000103,98.562,0.0949876844882965,0.1599949151277542,0.056100467617842265,0.006819999776780605
58,0.05,0.04199295732021332,98.564,0.0890658140182495,0.16105008125305176,0.04667091240241583,0.0040799998678267
59,0.05,0.04435700279831886,98.488,0.09954203963279724,0.17037364840507507,0.0568890519646017,0.00875999964773655
60,0.05,0.03839889462351799,98.776,0.0916602611541748,0.1608688086271286,0.041876456660610906,0.0066200001165270805
61,0.05,0.04118337869763374,98.656,0.09095720648765564,0.15970852971076965,0.037371426412421194,0.004780000075697899
62,0.05,0.04156035133510828,98.656,0.08851488828659057,0.15065975487232208,0.04181001973592302,0.007000000216066837
63,0.05,0.04091730108082294,98.634,0.10345942974090576,0.16323994100093842,0.05540350303034902,0.00800000037997961
64,0.05,0.04336783954918384,98.568,0.09759454727172852,0.16579420864582062,0.036492994406334134,0.004679999779909849
65,0.05,0.044012354719638824,98.546,0.09374035000801087,0.1521310657262802,0.05248727604427317,0.008860000409185886
66,0.05,0.04677294853508472,98.448,0.10432626008987426,0.1651458889245987,0.04092178609166641,0.009259999729692936
67,0.05,0.03181003269970417,98.954,0.0824428677558899,0.15425007045269012,0.038981293761253255,0.007319999858736992
68,0.05,0.04315326890587807,98.56,0.09811124801635743,0.19066394865512848,0.06604553772075494,0.007660000119358301
69,0.05,0.04244796766996384,98.588,0.0902407169342041,0.1687956601381302,0.04353018707877987,0.00558000011369586
70,0.05,0.04079457450866699,98.69,0.09068548679351807,0.1680867224931717,0.041027689257379985,0.006579999811947346
71,0.05,0.0382991672873497,98.734,0.09364112615585327,0.1587756872177124,0.046516102574835294,0.007720000110566616
72,0.05,0.04109674625396729,98.648,0.08384236097335815,0.15196552872657776,0.036681482138695154,0.003019999945536256
73,0.05,0.04711809352040291,98.422,0.09668506383895874,0.17745265364646912,0.045546208936359855,0.008740000426769257
74,0.05,0.035994074968099594,98.836,0.09806998968124389,0.15767434239387512,0.034692987387627605,0.006440000142902136
75,0.05,0.038815512449741366,98.716,0.08881657123565674,0.16035935282707214,0.03406340599667956,0.00418000016361475
76,0.05,0.04007409674286842,98.676,0.1003686785697937,0.17239606380462646,0.05237993741866731,0.014340000227093697
77,0.05,0.0482223398065567,98.382,0.07844477891921997,0.16182304918766022,0.03577332216349505,0.0029800001066178083
78,0.05,0.0376482235789299,98.798,0.08701319098472596,0.16693153977394104,0.050753435787530776,0.010200000368058681
79,0.05,0.03625028929114342,98.842,0.08637732863426209,0.1682596057653427,0.04290218256728573,0.0050200000405311584
80,0.05,0.04133738238930702,98.682,0.08825695514678955,0.1610669046640396,0.04563148928925309,0.008080000057816505
81,0.05,0.03739854457855225,98.79,0.0942712664604187,0.15385016798973083,0.042871440821731,0.0052200001664459705
82,0.05,0.044787343484461305,98.518,0.10055849552154542,0.18498539924621582,0.05177104806266564,0.01278000045567751
83,0.05,0.037441820933818815,98.754,0.08721721172332764,0.15853151679039001,0.03672981511047002,0.0047599999234080315
84,0.05,0.03943733253717423,98.742,0.0868357002735138,0.15222808718681335,0.03829708626341599,0.003379999892786145
85,0.05,0.040222634060382845,98.706,0.08783258199691772,0.15888631343841553,0.040996305213394146,0.009080000221729279
86,0.05,0.04139977886915207,98.656,0.08702621459960938,0.14983561635017395,0.03570231168171767,0.004720000084489584
87,0.05,0.03572436486721039,98.868,0.09205433130264282,0.16778717935085297,0.05016218530770189,0.008940000087022781
88,0.05,0.04055678852379322,98.718,0.09048576354980468,0.15732111036777496,0.03163256000434189,0.004699999932199717
89,0.05,0.042000818580389024,98.558,0.08704975843429566,0.1639464795589447,0.03898940243885907,0.00406000018119812
90,0.05,0.03912976838350296,98.71,0.07276613712310791,0.15985092520713806,0.029410276249620892,0.0016799999866634607
91,0.05,0.03916856156587601,98.646,0.08777159452438354,0.17387798428535461,0.04778442466971544,0.007379999849945307
92,0.05,0.03915742235660553,98.716,0.0847172498703003,0.15378130972385406,0.03587172306166142,0.0026199999265372753
93,0.05,0.039937624022960666,98.684,0.07909102439880371,0.16098551452159882,0.029990145639306798,0.0031999999191612005
94,0.05,0.04152552012324333,98.618,0.10055227279663086,0.1775393933057785,0.0454132871646904,0.008100000210106373
95,0.05,0.038195947132110594,98.714,0.09277039170265197,0.16021592915058136,0.042716412904803214,0.008779999800026417
96,0.05,0.04041609163820743,98.61,0.08661773204803466,0.1649715006351471,0.04034263597590404,0.0038399999029934406
97,0.05,0.036819022998511794,98.772,0.08232938051223755,0.15815290808677673,0.034312151941488844,0.004860000219196081
98,0.05,0.03639838353931904,98.8,0.11281007528305054,0.16531836986541748,0.0440432885578288,0.009619999676942825
99,0.05,0.03980516079306602,98.712,0.0719771146774292,0.1588933914899826,0.03336662937931578,0.004720000084489584
100,0.05,0.03597335408806801,98.83,0.0759549617767334,0.15587218105793,0.03852432438681519,0.005179999861866236
101,0.05,0.042938749585151675,98.528,0.07809106707572937,0.16331104934215546,0.037695565206768755,0.0026400000788271427
102,0.05,0.035207087436318396,98.88,0.0977966845035553,0.1643432080745697,0.03965634685166841,0.00977999996393919
103,0.05,0.0407346019756794,98.694,0.08242288827896119,0.15652674436569214,0.03948848086736323,0.006599999964237213
104,0.05,0.031944839390218256,99.0,0.08402667045593262,0.15156759321689606,0.034792265720900994,0.006099999882280827
105,0.05,0.04044227513551712,98.694,0.07542865872383117,0.15776647627353668,0.0294533720273924,0.004600000102072954
106,0.05,0.0388344143474102,98.732,0.0805066704750061,0.16640540957450867,0.029450625513621986,0.004619999788701534
107,0.05,0.03778689146816731,98.78,0.08466121554374695,0.15173646807670593,0.03644279214936952,0.007319999858736992
108,0.05,0.042599280756115916,98.614,0.08661780953407287,0.16285577416419983,0.03358681416017717,0.006399999838322401
109,0.05,0.037514446707963944,98.764,0.1170656442642212,0.17571744322776794,0.03916420837770662,0.005799999926239252
110,0.05,0.039184292134046554,98.712,0.08498457670211793,0.15771886706352234,0.04307717740553252,0.011620000004768372
111,0.05,0.040994202734828,98.616,0.09052321910858155,0.17184269428253174,0.02783195167376107,0.002739999908953905
112,0.05,0.032652699815034866,98.928,0.08910169601440429,0.15576227009296417,0.03677280764158852,0.006120000034570694
113,0.05,0.03687116113245487,98.824,0.08792271614074706,0.1664879471063614,0.04082573818546842,0.003920000046491623
114,0.05,0.04057867380976677,98.664,0.08952089548110961,0.1665099710226059,0.04000468029360693,0.005880000069737434
115,0.05,0.04095710526049137,98.696,0.08754692077636719,0.15701015293598175,0.0553248873948855,0.006839999929070473
116,0.005000000000000001,0.0392596732211113,98.74,0.08330198526382446,0.16742292046546936,0.040810757638791495,0.012520000338554382
117,0.005000000000000001,0.012678300792574882,99.642,0.04220624268054962,0.14642579853534698,0.020796840945502604,1.9999999494757503e-05
118,0.005000000000000001,0.0029847968873381613,99.994,0.037530040740966795,0.14499443769454956,0.018779313365158146,0.0
119,0.005000000000000001,0.0022416769595444202,100.0,0.034430450201034545,0.14414678514003754,0.018578168662827466,0.0
